Numero,Sector,Mesa,Silla,CodigoQR,RutaQRPng,RutaPasePng
1,A,A1,1,PARR-A1-S01-3Z5H,./Sector_A/Mesa_A01_Silla_01_QR.png,./Sector_A/Mesa_A01_Silla_01_Pase.png
2,A,A1,2,PARR-A1-S02-VDXR,./Sector_A/Mesa_A01_Silla_02_QR.png,./Sector_A/Mesa_A01_Silla_02_Pase.png
3,A,A1,3,PARR-A1-S03-H0O1,./Sector_A/Mesa_A01_Silla_03_QR.png,./Sector_A/Mesa_A01_Silla_03_Pase.png
4,A,A1,4,PARR-A1-S04-RSYN,./Sector_A/Mesa_A01_Silla_04_QR.png,./Sector_A/Mesa_A01_Silla_04_Pase.png
5,A,A1,5,PARR-A1-S05-Z0HH,./Sector_A/Mesa_A01_Silla_05_QR.png,./Sector_A/Mesa_A01_Silla_05_Pase.png
6,A,A1,6,PARR-A1-S06-S6GY,./Sector_A/Mesa_A01_Silla_06_QR.png,./Sector_A/Mesa_A01_Silla_06_Pase.png
7,A,A1,7,PARR-A1-S07-2UMH,./Sector_A/Mesa_A01_Silla_07_QR.png,./Sector_A/Mesa_A01_Silla_07_Pase.png
8,A,A1,8,PARR-A1-S08-SQP4,./Sector_A/Mesa_A01_Silla_08_QR.png,./Sector_A/Mesa_A01_Silla_08_Pase.png
9,A,A1,9,PARR-A1-S09-JU9Y,./Sector_A/Mesa_A01_Silla_09_QR.png,./Sector_A/Mesa_A01_Silla_09_Pase.png
10,A,A1,10,PARR-A1-S10-BFFB,./Sector_A/Mesa_A01_Silla_10_QR.png,./Sector_A/Mesa_A01_Silla_10_Pase.png
11,A,A2,1,PARR-A2-S01-UFOL,./Sector_A/Mesa_A02_Silla_01_QR.png,./Sector_A/Mesa_A02_Silla_01_Pase.png
12,A,A2,2,PARR-A2-S02-9UT0,./Sector_A/Mesa_A02_Silla_02_QR.png,./Sector_A/Mesa_A02_Silla_02_Pase.png
13,A,A2,3,PARR-A2-S03-VNPB,./Sector_A/Mesa_A02_Silla_03_QR.png,./Sector_A/Mesa_A02_Silla_03_Pase.png
14,A,A2,4,PARR-A2-S04-FLAZ,./Sector_A/Mesa_A02_Silla_04_QR.png,./Sector_A/Mesa_A02_Silla_04_Pase.png
15,A,A2,5,PARR-A2-S05-MQU0,./Sector_A/Mesa_A02_Silla_05_QR.png,./Sector_A/Mesa_A02_Silla_05_Pase.png
16,A,A2,6,PARR-A2-S06-5S4W,./Sector_A/Mesa_A02_Silla_06_QR.png,./Sector_A/Mesa_A02_Silla_06_Pase.png
17,A,A2,7,PARR-A2-S07-BI4G,./Sector_A/Mesa_A02_Silla_07_QR.png,./Sector_A/Mesa_A02_Silla_07_Pase.png
18,A,A2,8,PARR-A2-S08-03V7,./Sector_A/Mesa_A02_Silla_08_QR.png,./Sector_A/Mesa_A02_Silla_08_Pase.png
19,A,A2,9,PARR-A2-S09-T85K,./Sector_A/Mesa_A02_Silla_09_QR.png,./Sector_A/Mesa_A02_Silla_09_Pase.png
20,A,A2,10,PARR-A2-S10-IE9T,./Sector_A/Mesa_A02_Silla_10_QR.png,./Sector_A/Mesa_A02_Silla_10_Pase.png
21,A,A3,1,PARR-A3-S01-PNCV,./Sector_A/Mesa_A03_Silla_01_QR.png,./Sector_A/Mesa_A03_Silla_01_Pase.png
22,A,A3,2,PARR-A3-S02-1OK0,./Sector_A/Mesa_A03_Silla_02_QR.png,./Sector_A/Mesa_A03_Silla_02_Pase.png
23,A,A3,3,PARR-A3-S03-DZ07,./Sector_A/Mesa_A03_Silla_03_QR.png,./Sector_A/Mesa_A03_Silla_03_Pase.png
24,A,A3,4,PARR-A3-S04-M8KR,./Sector_A/Mesa_A03_Silla_04_QR.png,./Sector_A/Mesa_A03_Silla_04_Pase.png
25,A,A3,5,PARR-A3-S05-9XEF,./Sector_A/Mesa_A03_Silla_05_QR.png,./Sector_A/Mesa_A03_Silla_05_Pase.png
26,A,A3,6,PARR-A3-S06-N5LK,./Sector_A/Mesa_A03_Silla_06_QR.png,./Sector_A/Mesa_A03_Silla_06_Pase.png
27,A,A3,7,PARR-A3-S07-MZ6J,./Sector_A/Mesa_A03_Silla_07_QR.png,./Sector_A/Mesa_A03_Silla_07_Pase.png
28,A,A3,8,PARR-A3-S08-6CPM,./Sector_A/Mesa_A03_Silla_08_QR.png,./Sector_A/Mesa_A03_Silla_08_Pase.png
29,A,A3,9,PARR-A3-S09-W245,./Sector_A/Mesa_A03_Silla_09_QR.png,./Sector_A/Mesa_A03_Silla_09_Pase.png
30,A,A3,10,PARR-A3-S10-RTXX,./Sector_A/Mesa_A03_Silla_10_QR.png,./Sector_A/Mesa_A03_Silla_10_Pase.png
31,A,A4,1,PARR-A4-S01-C2P2,./Sector_A/Mesa_A04_Silla_01_QR.png,./Sector_A/Mesa_A04_Silla_01_Pase.png
32,A,A4,2,PARR-A4-S02-MXP0,./Sector_A/Mesa_A04_Silla_02_QR.png,./Sector_A/Mesa_A04_Silla_02_Pase.png
33,A,A4,3,PARR-A4-S03-YS4L,./Sector_A/Mesa_A04_Silla_03_QR.png,./Sector_A/Mesa_A04_Silla_03_Pase.png
34,A,A4,4,PARR-A4-S04-Q48S,./Sector_A/Mesa_A04_Silla_04_QR.png,./Sector_A/Mesa_A04_Silla_04_Pase.png
35,A,A4,5,PARR-A4-S05-IV0H,./Sector_A/Mesa_A04_Silla_05_QR.png,./Sector_A/Mesa_A04_Silla_05_Pase.png
36,A,A4,6,PARR-A4-S06-7SX3,./Sector_A/Mesa_A04_Silla_06_QR.png,./Sector_A/Mesa_A04_Silla_06_Pase.png
37,A,A4,7,PARR-A4-S07-YKCZ,./Sector_A/Mesa_A04_Silla_07_QR.png,./Sector_A/Mesa_A04_Silla_07_Pase.png
38,A,A4,8,PARR-A4-S08-2RE5,./Sector_A/Mesa_A04_Silla_08_QR.png,./Sector_A/Mesa_A04_Silla_08_Pase.png
39,A,A4,9,PARR-A4-S09-LO7N,./Sector_A/Mesa_A04_Silla_09_QR.png,./Sector_A/Mesa_A04_Silla_09_Pase.png
40,A,A4,10,PARR-A4-S10-D9EZ,./Sector_A/Mesa_A04_Silla_10_QR.png,./Sector_A/Mesa_A04_Silla_10_Pase.png
41,A,A5,1,PARR-A5-S01-XCU8,./Sector_A/Mesa_A05_Silla_01_QR.png,./Sector_A/Mesa_A05_Silla_01_Pase.png
42,A,A5,2,PARR-A5-S02-Q0A7,./Sector_A/Mesa_A05_Silla_02_QR.png,./Sector_A/Mesa_A05_Silla_02_Pase.png
43,A,A5,3,PARR-A5-S03-E7B3,./Sector_A/Mesa_A05_Silla_03_QR.png,./Sector_A/Mesa_A05_Silla_03_Pase.png
44,A,A5,4,PARR-A5-S04-IIOQ,./Sector_A/Mesa_A05_Silla_04_QR.png,./Sector_A/Mesa_A05_Silla_04_Pase.png
45,A,A5,5,PARR-A5-S05-L5WG,./Sector_A/Mesa_A05_Silla_05_QR.png,./Sector_A/Mesa_A05_Silla_05_Pase.png
46,A,A5,6,PARR-A5-S06-4NAB,./Sector_A/Mesa_A05_Silla_06_QR.png,./Sector_A/Mesa_A05_Silla_06_Pase.png
47,A,A5,7,PARR-A5-S07-76XT,./Sector_A/Mesa_A05_Silla_07_QR.png,./Sector_A/Mesa_A05_Silla_07_Pase.png
48,A,A5,8,PARR-A5-S08-7I9A,./Sector_A/Mesa_A05_Silla_08_QR.png,./Sector_A/Mesa_A05_Silla_08_Pase.png
49,A,A5,9,PARR-A5-S09-HS5K,./Sector_A/Mesa_A05_Silla_09_QR.png,./Sector_A/Mesa_A05_Silla_09_Pase.png
50,A,A5,10,PARR-A5-S10-ZD4T,./Sector_A/Mesa_A05_Silla_10_QR.png,./Sector_A/Mesa_A05_Silla_10_Pase.png
51,A,A6,1,PARR-A6-S01-1ED5,./Sector_A/Mesa_A06_Silla_01_QR.png,./Sector_A/Mesa_A06_Silla_01_Pase.png
52,A,A6,2,PARR-A6-S02-HCFB,./Sector_A/Mesa_A06_Silla_02_QR.png,./Sector_A/Mesa_A06_Silla_02_Pase.png
53,A,A6,3,PARR-A6-S03-XO34,./Sector_A/Mesa_A06_Silla_03_QR.png,./Sector_A/Mesa_A06_Silla_03_Pase.png
54,A,A6,4,PARR-A6-S04-E5WH,./Sector_A/Mesa_A06_Silla_04_QR.png,./Sector_A/Mesa_A06_Silla_04_Pase.png
55,A,A6,5,PARR-A6-S05-UTZK,./Sector_A/Mesa_A06_Silla_05_QR.png,./Sector_A/Mesa_A06_Silla_05_Pase.png
56,A,A6,6,PARR-A6-S06-XHAK,./Sector_A/Mesa_A06_Silla_06_QR.png,./Sector_A/Mesa_A06_Silla_06_Pase.png
57,A,A6,7,PARR-A6-S07-NHQ1,./Sector_A/Mesa_A06_Silla_07_QR.png,./Sector_A/Mesa_A06_Silla_07_Pase.png
58,A,A6,8,PARR-A6-S08-119K,./Sector_A/Mesa_A06_Silla_08_QR.png,./Sector_A/Mesa_A06_Silla_08_Pase.png
59,A,A6,9,PARR-A6-S09-D3U8,./Sector_A/Mesa_A06_Silla_09_QR.png,./Sector_A/Mesa_A06_Silla_09_Pase.png
60,A,A6,10,PARR-A6-S10-387A,./Sector_A/Mesa_A06_Silla_10_QR.png,./Sector_A/Mesa_A06_Silla_10_Pase.png
61,A,A7,1,PARR-A7-S01-SR7Z,./Sector_A/Mesa_A07_Silla_01_QR.png,./Sector_A/Mesa_A07_Silla_01_Pase.png
62,A,A7,2,PARR-A7-S02-TCAL,./Sector_A/Mesa_A07_Silla_02_QR.png,./Sector_A/Mesa_A07_Silla_02_Pase.png
63,A,A7,3,PARR-A7-S03-E7DY,./Sector_A/Mesa_A07_Silla_03_QR.png,./Sector_A/Mesa_A07_Silla_03_Pase.png
64,A,A7,4,PARR-A7-S04-F444,./Sector_A/Mesa_A07_Silla_04_QR.png,./Sector_A/Mesa_A07_Silla_04_Pase.png
65,A,A7,5,PARR-A7-S05-LTIK,./Sector_A/Mesa_A07_Silla_05_QR.png,./Sector_A/Mesa_A07_Silla_05_Pase.png
66,A,A7,6,PARR-A7-S06-87UA,./Sector_A/Mesa_A07_Silla_06_QR.png,./Sector_A/Mesa_A07_Silla_06_Pase.png
67,A,A7,7,PARR-A7-S07-KS0I,./Sector_A/Mesa_A07_Silla_07_QR.png,./Sector_A/Mesa_A07_Silla_07_Pase.png
68,A,A7,8,PARR-A7-S08-Z186,./Sector_A/Mesa_A07_Silla_08_QR.png,./Sector_A/Mesa_A07_Silla_08_Pase.png
69,A,A7,9,PARR-A7-S09-1Z85,./Sector_A/Mesa_A07_Silla_09_QR.png,./Sector_A/Mesa_A07_Silla_09_Pase.png
70,A,A7,10,PARR-A7-S10-HFD6,./Sector_A/Mesa_A07_Silla_10_QR.png,./Sector_A/Mesa_A07_Silla_10_Pase.png
71,A,A8,1,PARR-A8-S01-1FJ0,./Sector_A/Mesa_A08_Silla_01_QR.png,./Sector_A/Mesa_A08_Silla_01_Pase.png
72,A,A8,2,PARR-A8-S02-FB5L,./Sector_A/Mesa_A08_Silla_02_QR.png,./Sector_A/Mesa_A08_Silla_02_Pase.png
73,A,A8,3,PARR-A8-S03-22EV,./Sector_A/Mesa_A08_Silla_03_QR.png,./Sector_A/Mesa_A08_Silla_03_Pase.png
74,A,A8,4,PARR-A8-S04-J3F7,./Sector_A/Mesa_A08_Silla_04_QR.png,./Sector_A/Mesa_A08_Silla_04_Pase.png
75,A,A8,5,PARR-A8-S05-2K20,./Sector_A/Mesa_A08_Silla_05_QR.png,./Sector_A/Mesa_A08_Silla_05_Pase.png
76,A,A8,6,PARR-A8-S06-OZNW,./Sector_A/Mesa_A08_Silla_06_QR.png,./Sector_A/Mesa_A08_Silla_06_Pase.png
77,A,A8,7,PARR-A8-S07-J8BR,./Sector_A/Mesa_A08_Silla_07_QR.png,./Sector_A/Mesa_A08_Silla_07_Pase.png
78,A,A8,8,PARR-A8-S08-IY7A,./Sector_A/Mesa_A08_Silla_08_QR.png,./Sector_A/Mesa_A08_Silla_08_Pase.png
79,A,A8,9,PARR-A8-S09-5P2H,./Sector_A/Mesa_A08_Silla_09_QR.png,./Sector_A/Mesa_A08_Silla_09_Pase.png
80,A,A8,10,PARR-A8-S10-KM8W,./Sector_A/Mesa_A08_Silla_10_QR.png,./Sector_A/Mesa_A08_Silla_10_Pase.png
81,A,A9,1,PARR-A9-S01-WCMN,./Sector_A/Mesa_A09_Silla_01_QR.png,./Sector_A/Mesa_A09_Silla_01_Pase.png
82,A,A9,2,PARR-A9-S02-3DDH,./Sector_A/Mesa_A09_Silla_02_QR.png,./Sector_A/Mesa_A09_Silla_02_Pase.png
83,A,A9,3,PARR-A9-S03-N3I0,./Sector_A/Mesa_A09_Silla_03_QR.png,./Sector_A/Mesa_A09_Silla_03_Pase.png
84,A,A9,4,PARR-A9-S04-4OGB,./Sector_A/Mesa_A09_Silla_04_QR.png,./Sector_A/Mesa_A09_Silla_04_Pase.png
85,A,A9,5,PARR-A9-S05-KWRW,./Sector_A/Mesa_A09_Silla_05_QR.png,./Sector_A/Mesa_A09_Silla_05_Pase.png
86,A,A9,6,PARR-A9-S06-IRY5,./Sector_A/Mesa_A09_Silla_06_QR.png,./Sector_A/Mesa_A09_Silla_06_Pase.png
87,A,A9,7,PARR-A9-S07-NRWV,./Sector_A/Mesa_A09_Silla_07_QR.png,./Sector_A/Mesa_A09_Silla_07_Pase.png
88,A,A9,8,PARR-A9-S08-A9G5,./Sector_A/Mesa_A09_Silla_08_QR.png,./Sector_A/Mesa_A09_Silla_08_Pase.png
89,A,A9,9,PARR-A9-S09-FVE1,./Sector_A/Mesa_A09_Silla_09_QR.png,./Sector_A/Mesa_A09_Silla_09_Pase.png
90,A,A9,10,PARR-A9-S10-NQO0,./Sector_A/Mesa_A09_Silla_10_QR.png,./Sector_A/Mesa_A09_Silla_10_Pase.png
91,A,A10,1,PARR-A10-S01-860N,./Sector_A/Mesa_A10_Silla_01_QR.png,./Sector_A/Mesa_A10_Silla_01_Pase.png
92,A,A10,2,PARR-A10-S02-NHOS,./Sector_A/Mesa_A10_Silla_02_QR.png,./Sector_A/Mesa_A10_Silla_02_Pase.png
93,A,A10,3,PARR-A10-S03-RW10,./Sector_A/Mesa_A10_Silla_03_QR.png,./Sector_A/Mesa_A10_Silla_03_Pase.png
94,A,A10,4,PARR-A10-S04-RYI5,./Sector_A/Mesa_A10_Silla_04_QR.png,./Sector_A/Mesa_A10_Silla_04_Pase.png
95,A,A10,5,PARR-A10-S05-CPSY,./Sector_A/Mesa_A10_Silla_05_QR.png,./Sector_A/Mesa_A10_Silla_05_Pase.png
96,A,A10,6,PARR-A10-S06-PLHK,./Sector_A/Mesa_A10_Silla_06_QR.png,./Sector_A/Mesa_A10_Silla_06_Pase.png
97,A,A10,7,PARR-A10-S07-MTTF,./Sector_A/Mesa_A10_Silla_07_QR.png,./Sector_A/Mesa_A10_Silla_07_Pase.png
98,A,A10,8,PARR-A10-S08-SBL2,./Sector_A/Mesa_A10_Silla_08_QR.png,./Sector_A/Mesa_A10_Silla_08_Pase.png
99,A,A10,9,PARR-A10-S09-JGCH,./Sector_A/Mesa_A10_Silla_09_QR.png,./Sector_A/Mesa_A10_Silla_09_Pase.png
100,A,A10,10,PARR-A10-S10-2B7V,./Sector_A/Mesa_A10_Silla_10_QR.png,./Sector_A/Mesa_A10_Silla_10_Pase.png
101,B,B1,1,PARR-B1-S01-VRNH,./Sector_B/Mesa_B01_Silla_01_QR.png,./Sector_B/Mesa_B01_Silla_01_Pase.png
102,B,B1,2,PARR-B1-S02-GJE5,./Sector_B/Mesa_B01_Silla_02_QR.png,./Sector_B/Mesa_B01_Silla_02_Pase.png
103,B,B1,3,PARR-B1-S03-UURL,./Sector_B/Mesa_B01_Silla_03_QR.png,./Sector_B/Mesa_B01_Silla_03_Pase.png
104,B,B1,4,PARR-B1-S04-WUQV,./Sector_B/Mesa_B01_Silla_04_QR.png,./Sector_B/Mesa_B01_Silla_04_Pase.png
105,B,B1,5,PARR-B1-S05-S92N,./Sector_B/Mesa_B01_Silla_05_QR.png,./Sector_B/Mesa_B01_Silla_05_Pase.png
106,B,B1,6,PARR-B1-S06-93LY,./Sector_B/Mesa_B01_Silla_06_QR.png,./Sector_B/Mesa_B01_Silla_06_Pase.png
107,B,B1,7,PARR-B1-S07-MKVW,./Sector_B/Mesa_B01_Silla_07_QR.png,./Sector_B/Mesa_B01_Silla_07_Pase.png
108,B,B1,8,PARR-B1-S08-P48L,./Sector_B/Mesa_B01_Silla_08_QR.png,./Sector_B/Mesa_B01_Silla_08_Pase.png
109,B,B1,9,PARR-B1-S09-3Y7Z,./Sector_B/Mesa_B01_Silla_09_QR.png,./Sector_B/Mesa_B01_Silla_09_Pase.png
110,B,B1,10,PARR-B1-S10-2KSW,./Sector_B/Mesa_B01_Silla_10_QR.png,./Sector_B/Mesa_B01_Silla_10_Pase.png
111,B,B2,1,PARR-B2-S01-5XSO,./Sector_B/Mesa_B02_Silla_01_QR.png,./Sector_B/Mesa_B02_Silla_01_Pase.png
112,B,B2,2,PARR-B2-S02-LEVI,./Sector_B/Mesa_B02_Silla_02_QR.png,./Sector_B/Mesa_B02_Silla_02_Pase.png
113,B,B2,3,PARR-B2-S03-2XT5,./Sector_B/Mesa_B02_Silla_03_QR.png,./Sector_B/Mesa_B02_Silla_03_Pase.png
114,B,B2,4,PARR-B2-S04-9F0R,./Sector_B/Mesa_B02_Silla_04_QR.png,./Sector_B/Mesa_B02_Silla_04_Pase.png
115,B,B2,5,PARR-B2-S05-P0EL,./Sector_B/Mesa_B02_Silla_05_QR.png,./Sector_B/Mesa_B02_Silla_05_Pase.png
116,B,B2,6,PARR-B2-S06-7E2M,./Sector_B/Mesa_B02_Silla_06_QR.png,./Sector_B/Mesa_B02_Silla_06_Pase.png
117,B,B2,7,PARR-B2-S07-6ZJ0,./Sector_B/Mesa_B02_Silla_07_QR.png,./Sector_B/Mesa_B02_Silla_07_Pase.png
118,B,B2,8,PARR-B2-S08-8QOX,./Sector_B/Mesa_B02_Silla_08_QR.png,./Sector_B/Mesa_B02_Silla_08_Pase.png
119,B,B2,9,PARR-B2-S09-O3A8,./Sector_B/Mesa_B02_Silla_09_QR.png,./Sector_B/Mesa_B02_Silla_09_Pase.png
120,B,B2,10,PARR-B2-S10-ETFG,./Sector_B/Mesa_B02_Silla_10_QR.png,./Sector_B/Mesa_B02_Silla_10_Pase.png
121,B,B3,1,PARR-B3-S01-77UE,./Sector_B/Mesa_B03_Silla_01_QR.png,./Sector_B/Mesa_B03_Silla_01_Pase.png
122,B,B3,2,PARR-B3-S02-4HI1,./Sector_B/Mesa_B03_Silla_02_QR.png,./Sector_B/Mesa_B03_Silla_02_Pase.png
123,B,B3,3,PARR-B3-S03-C9O2,./Sector_B/Mesa_B03_Silla_03_QR.png,./Sector_B/Mesa_B03_Silla_03_Pase.png
124,B,B3,4,PARR-B3-S04-5BD5,./Sector_B/Mesa_B03_Silla_04_QR.png,./Sector_B/Mesa_B03_Silla_04_Pase.png
125,B,B3,5,PARR-B3-S05-Q2Y6,./Sector_B/Mesa_B03_Silla_05_QR.png,./Sector_B/Mesa_B03_Silla_05_Pase.png
126,B,B3,6,PARR-B3-S06-8VV6,./Sector_B/Mesa_B03_Silla_06_QR.png,./Sector_B/Mesa_B03_Silla_06_Pase.png
127,B,B3,7,PARR-B3-S07-T650,./Sector_B/Mesa_B03_Silla_07_QR.png,./Sector_B/Mesa_B03_Silla_07_Pase.png
128,B,B3,8,PARR-B3-S08-UHRJ,./Sector_B/Mesa_B03_Silla_08_QR.png,./Sector_B/Mesa_B03_Silla_08_Pase.png
129,B,B3,9,PARR-B3-S09-JIWB,./Sector_B/Mesa_B03_Silla_09_QR.png,./Sector_B/Mesa_B03_Silla_09_Pase.png
130,B,B3,10,PARR-B3-S10-2KND,./Sector_B/Mesa_B03_Silla_10_QR.png,./Sector_B/Mesa_B03_Silla_10_Pase.png
131,B,B4,1,PARR-B4-S01-ROYT,./Sector_B/Mesa_B04_Silla_01_QR.png,./Sector_B/Mesa_B04_Silla_01_Pase.png
132,B,B4,2,PARR-B4-S02-1Z9O,./Sector_B/Mesa_B04_Silla_02_QR.png,./Sector_B/Mesa_B04_Silla_02_Pase.png
133,B,B4,3,PARR-B4-S03-GJF6,./Sector_B/Mesa_B04_Silla_03_QR.png,./Sector_B/Mesa_B04_Silla_03_Pase.png
134,B,B4,4,PARR-B4-S04-FDY2,./Sector_B/Mesa_B04_Silla_04_QR.png,./Sector_B/Mesa_B04_Silla_04_Pase.png
135,B,B4,5,PARR-B4-S05-HLHO,./Sector_B/Mesa_B04_Silla_05_QR.png,./Sector_B/Mesa_B04_Silla_05_Pase.png
136,B,B4,6,PARR-B4-S06-JPF1,./Sector_B/Mesa_B04_Silla_06_QR.png,./Sector_B/Mesa_B04_Silla_06_Pase.png
137,B,B4,7,PARR-B4-S07-BU8Y,./Sector_B/Mesa_B04_Silla_07_QR.png,./Sector_B/Mesa_B04_Silla_07_Pase.png
138,B,B4,8,PARR-B4-S08-6H7C,./Sector_B/Mesa_B04_Silla_08_QR.png,./Sector_B/Mesa_B04_Silla_08_Pase.png
139,B,B4,9,PARR-B4-S09-RLYK,./Sector_B/Mesa_B04_Silla_09_QR.png,./Sector_B/Mesa_B04_Silla_09_Pase.png
140,B,B4,10,PARR-B4-S10-5N1C,./Sector_B/Mesa_B04_Silla_10_QR.png,./Sector_B/Mesa_B04_Silla_10_Pase.png
141,B,B5,1,PARR-B5-S01-RTRW,./Sector_B/Mesa_B05_Silla_01_QR.png,./Sector_B/Mesa_B05_Silla_01_Pase.png
142,B,B5,2,PARR-B5-S02-Q375,./Sector_B/Mesa_B05_Silla_02_QR.png,./Sector_B/Mesa_B05_Silla_02_Pase.png
143,B,B5,3,PARR-B5-S03-JGZK,./Sector_B/Mesa_B05_Silla_03_QR.png,./Sector_B/Mesa_B05_Silla_03_Pase.png
144,B,B5,4,PARR-B5-S04-7FRN,./Sector_B/Mesa_B05_Silla_04_QR.png,./Sector_B/Mesa_B05_Silla_04_Pase.png
145,B,B5,5,PARR-B5-S05-7ACA,./Sector_B/Mesa_B05_Silla_05_QR.png,./Sector_B/Mesa_B05_Silla_05_Pase.png
146,B,B5,6,PARR-B5-S06-AXQZ,./Sector_B/Mesa_B05_Silla_06_QR.png,./Sector_B/Mesa_B05_Silla_06_Pase.png
147,B,B5,7,PARR-B5-S07-CJ2M,./Sector_B/Mesa_B05_Silla_07_QR.png,./Sector_B/Mesa_B05_Silla_07_Pase.png
148,B,B5,8,PARR-B5-S08-8NC8,./Sector_B/Mesa_B05_Silla_08_QR.png,./Sector_B/Mesa_B05_Silla_08_Pase.png
149,B,B5,9,PARR-B5-S09-NJ8U,./Sector_B/Mesa_B05_Silla_09_QR.png,./Sector_B/Mesa_B05_Silla_09_Pase.png
150,B,B5,10,PARR-B5-S10-AVFY,./Sector_B/Mesa_B05_Silla_10_QR.png,./Sector_B/Mesa_B05_Silla_10_Pase.png
151,B,B6,1,PARR-B6-S01-BLRO,./Sector_B/Mesa_B06_Silla_01_QR.png,./Sector_B/Mesa_B06_Silla_01_Pase.png
152,B,B6,2,PARR-B6-S02-5TDW,./Sector_B/Mesa_B06_Silla_02_QR.png,./Sector_B/Mesa_B06_Silla_02_Pase.png
153,B,B6,3,PARR-B6-S03-2HEN,./Sector_B/Mesa_B06_Silla_03_QR.png,./Sector_B/Mesa_B06_Silla_03_Pase.png
154,B,B6,4,PARR-B6-S04-0LPU,./Sector_B/Mesa_B06_Silla_04_QR.png,./Sector_B/Mesa_B06_Silla_04_Pase.png
155,B,B6,5,PARR-B6-S05-2U2U,./Sector_B/Mesa_B06_Silla_05_QR.png,./Sector_B/Mesa_B06_Silla_05_Pase.png
156,B,B6,6,PARR-B6-S06-0YS1,./Sector_B/Mesa_B06_Silla_06_QR.png,./Sector_B/Mesa_B06_Silla_06_Pase.png
157,B,B6,7,PARR-B6-S07-893F,./Sector_B/Mesa_B06_Silla_07_QR.png,./Sector_B/Mesa_B06_Silla_07_Pase.png
158,B,B6,8,PARR-B6-S08-TIQK,./Sector_B/Mesa_B06_Silla_08_QR.png,./Sector_B/Mesa_B06_Silla_08_Pase.png
159,B,B6,9,PARR-B6-S09-GL11,./Sector_B/Mesa_B06_Silla_09_QR.png,./Sector_B/Mesa_B06_Silla_09_Pase.png
160,B,B6,10,PARR-B6-S10-Z75Q,./Sector_B/Mesa_B06_Silla_10_QR.png,./Sector_B/Mesa_B06_Silla_10_Pase.png
161,B,B7,1,PARR-B7-S01-QQ4S,./Sector_B/Mesa_B07_Silla_01_QR.png,./Sector_B/Mesa_B07_Silla_01_Pase.png
162,B,B7,2,PARR-B7-S02-O7D3,./Sector_B/Mesa_B07_Silla_02_QR.png,./Sector_B/Mesa_B07_Silla_02_Pase.png
163,B,B7,3,PARR-B7-S03-QNDW,./Sector_B/Mesa_B07_Silla_03_QR.png,./Sector_B/Mesa_B07_Silla_03_Pase.png
164,B,B7,4,PARR-B7-S04-LKB7,./Sector_B/Mesa_B07_Silla_04_QR.png,./Sector_B/Mesa_B07_Silla_04_Pase.png
165,B,B7,5,PARR-B7-S05-7KTC,./Sector_B/Mesa_B07_Silla_05_QR.png,./Sector_B/Mesa_B07_Silla_05_Pase.png
166,B,B7,6,PARR-B7-S06-LXQH,./Sector_B/Mesa_B07_Silla_06_QR.png,./Sector_B/Mesa_B07_Silla_06_Pase.png
167,B,B7,7,PARR-B7-S07-ITZR,./Sector_B/Mesa_B07_Silla_07_QR.png,./Sector_B/Mesa_B07_Silla_07_Pase.png
168,B,B7,8,PARR-B7-S08-TILF,./Sector_B/Mesa_B07_Silla_08_QR.png,./Sector_B/Mesa_B07_Silla_08_Pase.png
169,B,B7,9,PARR-B7-S09-UVSA,./Sector_B/Mesa_B07_Silla_09_QR.png,./Sector_B/Mesa_B07_Silla_09_Pase.png
170,B,B7,10,PARR-B7-S10-7S5S,./Sector_B/Mesa_B07_Silla_10_QR.png,./Sector_B/Mesa_B07_Silla_10_Pase.png
171,B,B8,1,PARR-B8-S01-1XI4,./Sector_B/Mesa_B08_Silla_01_QR.png,./Sector_B/Mesa_B08_Silla_01_Pase.png
172,B,B8,2,PARR-B8-S02-HHVE,./Sector_B/Mesa_B08_Silla_02_QR.png,./Sector_B/Mesa_B08_Silla_02_Pase.png
173,B,B8,3,PARR-B8-S03-I322,./Sector_B/Mesa_B08_Silla_03_QR.png,./Sector_B/Mesa_B08_Silla_03_Pase.png
174,B,B8,4,PARR-B8-S04-GZYV,./Sector_B/Mesa_B08_Silla_04_QR.png,./Sector_B/Mesa_B08_Silla_04_Pase.png
175,B,B8,5,PARR-B8-S05-ZQG6,./Sector_B/Mesa_B08_Silla_05_QR.png,./Sector_B/Mesa_B08_Silla_05_Pase.png
176,B,B8,6,PARR-B8-S06-ZWNK,./Sector_B/Mesa_B08_Silla_06_QR.png,./Sector_B/Mesa_B08_Silla_06_Pase.png
177,B,B8,7,PARR-B8-S07-OXRR,./Sector_B/Mesa_B08_Silla_07_QR.png,./Sector_B/Mesa_B08_Silla_07_Pase.png
178,B,B8,8,PARR-B8-S08-KD15,./Sector_B/Mesa_B08_Silla_08_QR.png,./Sector_B/Mesa_B08_Silla_08_Pase.png
179,B,B8,9,PARR-B8-S09-S53N,./Sector_B/Mesa_B08_Silla_09_QR.png,./Sector_B/Mesa_B08_Silla_09_Pase.png
180,B,B8,10,PARR-B8-S10-NBF9,./Sector_B/Mesa_B08_Silla_10_QR.png,./Sector_B/Mesa_B08_Silla_10_Pase.png
181,B,B9,1,PARR-B9-S01-MQM1,./Sector_B/Mesa_B09_Silla_01_QR.png,./Sector_B/Mesa_B09_Silla_01_Pase.png
182,B,B9,2,PARR-B9-S02-SRQB,./Sector_B/Mesa_B09_Silla_02_QR.png,./Sector_B/Mesa_B09_Silla_02_Pase.png
183,B,B9,3,PARR-B9-S03-M1ZF,./Sector_B/Mesa_B09_Silla_03_QR.png,./Sector_B/Mesa_B09_Silla_03_Pase.png
184,B,B9,4,PARR-B9-S04-1ODW,./Sector_B/Mesa_B09_Silla_04_QR.png,./Sector_B/Mesa_B09_Silla_04_Pase.png
185,B,B9,5,PARR-B9-S05-5UKI,./Sector_B/Mesa_B09_Silla_05_QR.png,./Sector_B/Mesa_B09_Silla_05_Pase.png
186,B,B9,6,PARR-B9-S06-9RQ1,./Sector_B/Mesa_B09_Silla_06_QR.png,./Sector_B/Mesa_B09_Silla_06_Pase.png
187,B,B9,7,PARR-B9-S07-C1RM,./Sector_B/Mesa_B09_Silla_07_QR.png,./Sector_B/Mesa_B09_Silla_07_Pase.png
188,B,B9,8,PARR-B9-S08-TXY8,./Sector_B/Mesa_B09_Silla_08_QR.png,./Sector_B/Mesa_B09_Silla_08_Pase.png
189,B,B9,9,PARR-B9-S09-7HOB,./Sector_B/Mesa_B09_Silla_09_QR.png,./Sector_B/Mesa_B09_Silla_09_Pase.png
190,B,B9,10,PARR-B9-S10-LS79,./Sector_B/Mesa_B09_Silla_10_QR.png,./Sector_B/Mesa_B09_Silla_10_Pase.png
191,B,B10,1,PARR-B10-S01-J9MY,./Sector_B/Mesa_B10_Silla_01_QR.png,./Sector_B/Mesa_B10_Silla_01_Pase.png
192,B,B10,2,PARR-B10-S02-B7MJ,./Sector_B/Mesa_B10_Silla_02_QR.png,./Sector_B/Mesa_B10_Silla_02_Pase.png
193,B,B10,3,PARR-B10-S03-4T1G,./Sector_B/Mesa_B10_Silla_03_QR.png,./Sector_B/Mesa_B10_Silla_03_Pase.png
194,B,B10,4,PARR-B10-S04-TTPI,./Sector_B/Mesa_B10_Silla_04_QR.png,./Sector_B/Mesa_B10_Silla_04_Pase.png
195,B,B10,5,PARR-B10-S05-PEU6,./Sector_B/Mesa_B10_Silla_05_QR.png,./Sector_B/Mesa_B10_Silla_05_Pase.png
196,B,B10,6,PARR-B10-S06-BBMR,./Sector_B/Mesa_B10_Silla_06_QR.png,./Sector_B/Mesa_B10_Silla_06_Pase.png
197,B,B10,7,PARR-B10-S07-0AK1,./Sector_B/Mesa_B10_Silla_07_QR.png,./Sector_B/Mesa_B10_Silla_07_Pase.png
198,B,B10,8,PARR-B10-S08-U2FN,./Sector_B/Mesa_B10_Silla_08_QR.png,./Sector_B/Mesa_B10_Silla_08_Pase.png
199,B,B10,9,PARR-B10-S09-09KM,./Sector_B/Mesa_B10_Silla_09_QR.png,./Sector_B/Mesa_B10_Silla_09_Pase.png
200,B,B10,10,PARR-B10-S10-6828,./Sector_B/Mesa_B10_Silla_10_QR.png,./Sector_B/Mesa_B10_Silla_10_Pase.png
201,C,C1,1,PARR-C1-S01-UO7I,./Sector_C/Mesa_C01_Silla_01_QR.png,./Sector_C/Mesa_C01_Silla_01_Pase.png
202,C,C1,2,PARR-C1-S02-AP04,./Sector_C/Mesa_C01_Silla_02_QR.png,./Sector_C/Mesa_C01_Silla_02_Pase.png
203,C,C1,3,PARR-C1-S03-16JT,./Sector_C/Mesa_C01_Silla_03_QR.png,./Sector_C/Mesa_C01_Silla_03_Pase.png
204,C,C1,4,PARR-C1-S04-XU3C,./Sector_C/Mesa_C01_Silla_04_QR.png,./Sector_C/Mesa_C01_Silla_04_Pase.png
205,C,C1,5,PARR-C1-S05-27C2,./Sector_C/Mesa_C01_Silla_05_QR.png,./Sector_C/Mesa_C01_Silla_05_Pase.png
206,C,C1,6,PARR-C1-S06-TC8Q,./Sector_C/Mesa_C01_Silla_06_QR.png,./Sector_C/Mesa_C01_Silla_06_Pase.png
207,C,C1,7,PARR-C1-S07-39WQ,./Sector_C/Mesa_C01_Silla_07_QR.png,./Sector_C/Mesa_C01_Silla_07_Pase.png
208,C,C1,8,PARR-C1-S08-GWT9,./Sector_C/Mesa_C01_Silla_08_QR.png,./Sector_C/Mesa_C01_Silla_08_Pase.png
209,C,C1,9,PARR-C1-S09-6SNN,./Sector_C/Mesa_C01_Silla_09_QR.png,./Sector_C/Mesa_C01_Silla_09_Pase.png
210,C,C1,10,PARR-C1-S10-RBHP,./Sector_C/Mesa_C01_Silla_10_QR.png,./Sector_C/Mesa_C01_Silla_10_Pase.png
211,C,C2,1,PARR-C2-S01-48UF,./Sector_C/Mesa_C02_Silla_01_QR.png,./Sector_C/Mesa_C02_Silla_01_Pase.png
212,C,C2,2,PARR-C2-S02-HP2M,./Sector_C/Mesa_C02_Silla_02_QR.png,./Sector_C/Mesa_C02_Silla_02_Pase.png
213,C,C2,3,PARR-C2-S03-QAKP,./Sector_C/Mesa_C02_Silla_03_QR.png,./Sector_C/Mesa_C02_Silla_03_Pase.png
214,C,C2,4,PARR-C2-S04-6M18,./Sector_C/Mesa_C02_Silla_04_QR.png,./Sector_C/Mesa_C02_Silla_04_Pase.png
215,C,C2,5,PARR-C2-S05-PLW0,./Sector_C/Mesa_C02_Silla_05_QR.png,./Sector_C/Mesa_C02_Silla_05_Pase.png
216,C,C2,6,PARR-C2-S06-C381,./Sector_C/Mesa_C02_Silla_06_QR.png,./Sector_C/Mesa_C02_Silla_06_Pase.png
217,C,C2,7,PARR-C2-S07-O2GV,./Sector_C/Mesa_C02_Silla_07_QR.png,./Sector_C/Mesa_C02_Silla_07_Pase.png
218,C,C2,8,PARR-C2-S08-H4R8,./Sector_C/Mesa_C02_Silla_08_QR.png,./Sector_C/Mesa_C02_Silla_08_Pase.png
219,C,C2,9,PARR-C2-S09-S6JS,./Sector_C/Mesa_C02_Silla_09_QR.png,./Sector_C/Mesa_C02_Silla_09_Pase.png
220,C,C2,10,PARR-C2-S10-S0AK,./Sector_C/Mesa_C02_Silla_10_QR.png,./Sector_C/Mesa_C02_Silla_10_Pase.png
221,C,C3,1,PARR-C3-S01-SEZ9,./Sector_C/Mesa_C03_Silla_01_QR.png,./Sector_C/Mesa_C03_Silla_01_Pase.png
222,C,C3,2,PARR-C3-S02-IY36,./Sector_C/Mesa_C03_Silla_02_QR.png,./Sector_C/Mesa_C03_Silla_02_Pase.png
223,C,C3,3,PARR-C3-S03-IYOT,./Sector_C/Mesa_C03_Silla_03_QR.png,./Sector_C/Mesa_C03_Silla_03_Pase.png
224,C,C3,4,PARR-C3-S04-C1HD,./Sector_C/Mesa_C03_Silla_04_QR.png,./Sector_C/Mesa_C03_Silla_04_Pase.png
225,C,C3,5,PARR-C3-S05-6ZCP,./Sector_C/Mesa_C03_Silla_05_QR.png,./Sector_C/Mesa_C03_Silla_05_Pase.png
226,C,C3,6,PARR-C3-S06-GO7I,./Sector_C/Mesa_C03_Silla_06_QR.png,./Sector_C/Mesa_C03_Silla_06_Pase.png
227,C,C3,7,PARR-C3-S07-SLXD,./Sector_C/Mesa_C03_Silla_07_QR.png,./Sector_C/Mesa_C03_Silla_07_Pase.png
228,C,C3,8,PARR-C3-S08-9LWV,./Sector_C/Mesa_C03_Silla_08_QR.png,./Sector_C/Mesa_C03_Silla_08_Pase.png
229,C,C3,9,PARR-C3-S09-BMF1,./Sector_C/Mesa_C03_Silla_09_QR.png,./Sector_C/Mesa_C03_Silla_09_Pase.png
230,C,C3,10,PARR-C3-S10-980E,./Sector_C/Mesa_C03_Silla_10_QR.png,./Sector_C/Mesa_C03_Silla_10_Pase.png
231,C,C4,1,PARR-C4-S01-L9AD,./Sector_C/Mesa_C04_Silla_01_QR.png,./Sector_C/Mesa_C04_Silla_01_Pase.png
232,C,C4,2,PARR-C4-S02-5EUA,./Sector_C/Mesa_C04_Silla_02_QR.png,./Sector_C/Mesa_C04_Silla_02_Pase.png
233,C,C4,3,PARR-C4-S03-E9RC,./Sector_C/Mesa_C04_Silla_03_QR.png,./Sector_C/Mesa_C04_Silla_03_Pase.png
234,C,C4,4,PARR-C4-S04-D4AL,./Sector_C/Mesa_C04_Silla_04_QR.png,./Sector_C/Mesa_C04_Silla_04_Pase.png
235,C,C4,5,PARR-C4-S05-PRYB,./Sector_C/Mesa_C04_Silla_05_QR.png,./Sector_C/Mesa_C04_Silla_05_Pase.png
236,C,C4,6,PARR-C4-S06-ZJ9E,./Sector_C/Mesa_C04_Silla_06_QR.png,./Sector_C/Mesa_C04_Silla_06_Pase.png
237,C,C4,7,PARR-C4-S07-53N3,./Sector_C/Mesa_C04_Silla_07_QR.png,./Sector_C/Mesa_C04_Silla_07_Pase.png
238,C,C4,8,PARR-C4-S08-EMQO,./Sector_C/Mesa_C04_Silla_08_QR.png,./Sector_C/Mesa_C04_Silla_08_Pase.png
239,C,C4,9,PARR-C4-S09-15PE,./Sector_C/Mesa_C04_Silla_09_QR.png,./Sector_C/Mesa_C04_Silla_09_Pase.png
240,C,C4,10,PARR-C4-S10-S776,./Sector_C/Mesa_C04_Silla_10_QR.png,./Sector_C/Mesa_C04_Silla_10_Pase.png
241,C,C5,1,PARR-C5-S01-4QQN,./Sector_C/Mesa_C05_Silla_01_QR.png,./Sector_C/Mesa_C05_Silla_01_Pase.png
242,C,C5,2,PARR-C5-S02-0IZH,./Sector_C/Mesa_C05_Silla_02_QR.png,./Sector_C/Mesa_C05_Silla_02_Pase.png
243,C,C5,3,PARR-C5-S03-5GKF,./Sector_C/Mesa_C05_Silla_03_QR.png,./Sector_C/Mesa_C05_Silla_03_Pase.png
244,C,C5,4,PARR-C5-S04-FYTY,./Sector_C/Mesa_C05_Silla_04_QR.png,./Sector_C/Mesa_C05_Silla_04_Pase.png
245,C,C5,5,PARR-C5-S05-D0Z9,./Sector_C/Mesa_C05_Silla_05_QR.png,./Sector_C/Mesa_C05_Silla_05_Pase.png
246,C,C5,6,PARR-C5-S06-RD6D,./Sector_C/Mesa_C05_Silla_06_QR.png,./Sector_C/Mesa_C05_Silla_06_Pase.png
247,C,C5,7,PARR-C5-S07-FXZ6,./Sector_C/Mesa_C05_Silla_07_QR.png,./Sector_C/Mesa_C05_Silla_07_Pase.png
248,C,C5,8,PARR-C5-S08-1ZDG,./Sector_C/Mesa_C05_Silla_08_QR.png,./Sector_C/Mesa_C05_Silla_08_Pase.png
249,C,C5,9,PARR-C5-S09-U5IS,./Sector_C/Mesa_C05_Silla_09_QR.png,./Sector_C/Mesa_C05_Silla_09_Pase.png
250,C,C5,10,PARR-C5-S10-ION7,./Sector_C/Mesa_C05_Silla_10_QR.png,./Sector_C/Mesa_C05_Silla_10_Pase.png
251,C,C6,1,PARR-C6-S01-ZDGY,./Sector_C/Mesa_C06_Silla_01_QR.png,./Sector_C/Mesa_C06_Silla_01_Pase.png
252,C,C6,2,PARR-C6-S02-6HX7,./Sector_C/Mesa_C06_Silla_02_QR.png,./Sector_C/Mesa_C06_Silla_02_Pase.png
253,C,C6,3,PARR-C6-S03-MOW0,./Sector_C/Mesa_C06_Silla_03_QR.png,./Sector_C/Mesa_C06_Silla_03_Pase.png
254,C,C6,4,PARR-C6-S04-0SOR,./Sector_C/Mesa_C06_Silla_04_QR.png,./Sector_C/Mesa_C06_Silla_04_Pase.png
255,C,C6,5,PARR-C6-S05-ZNRM,./Sector_C/Mesa_C06_Silla_05_QR.png,./Sector_C/Mesa_C06_Silla_05_Pase.png
256,C,C6,6,PARR-C6-S06-TXIQ,./Sector_C/Mesa_C06_Silla_06_QR.png,./Sector_C/Mesa_C06_Silla_06_Pase.png
257,C,C6,7,PARR-C6-S07-H66I,./Sector_C/Mesa_C06_Silla_07_QR.png,./Sector_C/Mesa_C06_Silla_07_Pase.png
258,C,C6,8,PARR-C6-S08-PME5,./Sector_C/Mesa_C06_Silla_08_QR.png,./Sector_C/Mesa_C06_Silla_08_Pase.png
259,C,C6,9,PARR-C6-S09-HNG2,./Sector_C/Mesa_C06_Silla_09_QR.png,./Sector_C/Mesa_C06_Silla_09_Pase.png
260,C,C6,10,PARR-C6-S10-6LNL,./Sector_C/Mesa_C06_Silla_10_QR.png,./Sector_C/Mesa_C06_Silla_10_Pase.png
261,C,C7,1,PARR-C7-S01-WQDO,./Sector_C/Mesa_C07_Silla_01_QR.png,./Sector_C/Mesa_C07_Silla_01_Pase.png
262,C,C7,2,PARR-C7-S02-6L2Q,./Sector_C/Mesa_C07_Silla_02_QR.png,./Sector_C/Mesa_C07_Silla_02_Pase.png
263,C,C7,3,PARR-C7-S03-LGVY,./Sector_C/Mesa_C07_Silla_03_QR.png,./Sector_C/Mesa_C07_Silla_03_Pase.png
264,C,C7,4,PARR-C7-S04-ERAJ,./Sector_C/Mesa_C07_Silla_04_QR.png,./Sector_C/Mesa_C07_Silla_04_Pase.png
265,C,C7,5,PARR-C7-S05-S2UW,./Sector_C/Mesa_C07_Silla_05_QR.png,./Sector_C/Mesa_C07_Silla_05_Pase.png
266,C,C7,6,PARR-C7-S06-NQE0,./Sector_C/Mesa_C07_Silla_06_QR.png,./Sector_C/Mesa_C07_Silla_06_Pase.png
267,C,C7,7,PARR-C7-S07-EDCX,./Sector_C/Mesa_C07_Silla_07_QR.png,./Sector_C/Mesa_C07_Silla_07_Pase.png
268,C,C7,8,PARR-C7-S08-C5YC,./Sector_C/Mesa_C07_Silla_08_QR.png,./Sector_C/Mesa_C07_Silla_08_Pase.png
269,C,C7,9,PARR-C7-S09-4NMA,./Sector_C/Mesa_C07_Silla_09_QR.png,./Sector_C/Mesa_C07_Silla_09_Pase.png
270,C,C7,10,PARR-C7-S10-5KYF,./Sector_C/Mesa_C07_Silla_10_QR.png,./Sector_C/Mesa_C07_Silla_10_Pase.png
271,C,C8,1,PARR-C8-S01-QSL8,./Sector_C/Mesa_C08_Silla_01_QR.png,./Sector_C/Mesa_C08_Silla_01_Pase.png
272,C,C8,2,PARR-C8-S02-NXK7,./Sector_C/Mesa_C08_Silla_02_QR.png,./Sector_C/Mesa_C08_Silla_02_Pase.png
273,C,C8,3,PARR-C8-S03-6FOI,./Sector_C/Mesa_C08_Silla_03_QR.png,./Sector_C/Mesa_C08_Silla_03_Pase.png
274,C,C8,4,PARR-C8-S04-MVER,./Sector_C/Mesa_C08_Silla_04_QR.png,./Sector_C/Mesa_C08_Silla_04_Pase.png
275,C,C8,5,PARR-C8-S05-E60E,./Sector_C/Mesa_C08_Silla_05_QR.png,./Sector_C/Mesa_C08_Silla_05_Pase.png
276,C,C8,6,PARR-C8-S06-75NC,./Sector_C/Mesa_C08_Silla_06_QR.png,./Sector_C/Mesa_C08_Silla_06_Pase.png
277,C,C8,7,PARR-C8-S07-3LM1,./Sector_C/Mesa_C08_Silla_07_QR.png,./Sector_C/Mesa_C08_Silla_07_Pase.png
278,C,C8,8,PARR-C8-S08-MGFP,./Sector_C/Mesa_C08_Silla_08_QR.png,./Sector_C/Mesa_C08_Silla_08_Pase.png
279,C,C8,9,PARR-C8-S09-GUG5,./Sector_C/Mesa_C08_Silla_09_QR.png,./Sector_C/Mesa_C08_Silla_09_Pase.png
280,C,C8,10,PARR-C8-S10-KQA3,./Sector_C/Mesa_C08_Silla_10_QR.png,./Sector_C/Mesa_C08_Silla_10_Pase.png
281,C,C9,1,PARR-C9-S01-GMSK,./Sector_C/Mesa_C09_Silla_01_QR.png,./Sector_C/Mesa_C09_Silla_01_Pase.png
282,C,C9,2,PARR-C9-S02-HRV6,./Sector_C/Mesa_C09_Silla_02_QR.png,./Sector_C/Mesa_C09_Silla_02_Pase.png
283,C,C9,3,PARR-C9-S03-K5W2,./Sector_C/Mesa_C09_Silla_03_QR.png,./Sector_C/Mesa_C09_Silla_03_Pase.png
284,C,C9,4,PARR-C9-S04-EZRL,./Sector_C/Mesa_C09_Silla_04_QR.png,./Sector_C/Mesa_C09_Silla_04_Pase.png
285,C,C9,5,PARR-C9-S05-RC01,./Sector_C/Mesa_C09_Silla_05_QR.png,./Sector_C/Mesa_C09_Silla_05_Pase.png
286,C,C9,6,PARR-C9-S06-ZH2L,./Sector_C/Mesa_C09_Silla_06_QR.png,./Sector_C/Mesa_C09_Silla_06_Pase.png
287,C,C9,7,PARR-C9-S07-QMG4,./Sector_C/Mesa_C09_Silla_07_QR.png,./Sector_C/Mesa_C09_Silla_07_Pase.png
288,C,C9,8,PARR-C9-S08-9IHN,./Sector_C/Mesa_C09_Silla_08_QR.png,./Sector_C/Mesa_C09_Silla_08_Pase.png
289,C,C9,9,PARR-C9-S09-CWC8,./Sector_C/Mesa_C09_Silla_09_QR.png,./Sector_C/Mesa_C09_Silla_09_Pase.png
290,C,C9,10,PARR-C9-S10-NV8A,./Sector_C/Mesa_C09_Silla_10_QR.png,./Sector_C/Mesa_C09_Silla_10_Pase.png
291,C,C10,1,PARR-C10-S01-W1RP,./Sector_C/Mesa_C10_Silla_01_QR.png,./Sector_C/Mesa_C10_Silla_01_Pase.png
292,C,C10,2,PARR-C10-S02-NRJ6,./Sector_C/Mesa_C10_Silla_02_QR.png,./Sector_C/Mesa_C10_Silla_02_Pase.png
293,C,C10,3,PARR-C10-S03-5UY4,./Sector_C/Mesa_C10_Silla_03_QR.png,./Sector_C/Mesa_C10_Silla_03_Pase.png
294,C,C10,4,PARR-C10-S04-4RHV,./Sector_C/Mesa_C10_Silla_04_QR.png,./Sector_C/Mesa_C10_Silla_04_Pase.png
295,C,C10,5,PARR-C10-S05-E7F2,./Sector_C/Mesa_C10_Silla_05_QR.png,./Sector_C/Mesa_C10_Silla_05_Pase.png
296,C,C10,6,PARR-C10-S06-Z9OT,./Sector_C/Mesa_C10_Silla_06_QR.png,./Sector_C/Mesa_C10_Silla_06_Pase.png
297,C,C10,7,PARR-C10-S07-FOPW,./Sector_C/Mesa_C10_Silla_07_QR.png,./Sector_C/Mesa_C10_Silla_07_Pase.png
298,C,C10,8,PARR-C10-S08-VLCC,./Sector_C/Mesa_C10_Silla_08_QR.png,./Sector_C/Mesa_C10_Silla_08_Pase.png
299,C,C10,9,PARR-C10-S09-S7L5,./Sector_C/Mesa_C10_Silla_09_QR.png,./Sector_C/Mesa_C10_Silla_09_Pase.png
300,C,C10,10,PARR-C10-S10-TY3M,./Sector_C/Mesa_C10_Silla_10_QR.png,./Sector_C/Mesa_C10_Silla_10_Pase.png
301,D,D1,1,PARR-D1-S01-COGK,./Sector_D/Mesa_D01_Silla_01_QR.png,./Sector_D/Mesa_D01_Silla_01_Pase.png
302,D,D1,2,PARR-D1-S02-ISY5,./Sector_D/Mesa_D01_Silla_02_QR.png,./Sector_D/Mesa_D01_Silla_02_Pase.png
303,D,D1,3,PARR-D1-S03-X3DI,./Sector_D/Mesa_D01_Silla_03_QR.png,./Sector_D/Mesa_D01_Silla_03_Pase.png
304,D,D1,4,PARR-D1-S04-EQWC,./Sector_D/Mesa_D01_Silla_04_QR.png,./Sector_D/Mesa_D01_Silla_04_Pase.png
305,D,D1,5,PARR-D1-S05-I4WS,./Sector_D/Mesa_D01_Silla_05_QR.png,./Sector_D/Mesa_D01_Silla_05_Pase.png
306,D,D1,6,PARR-D1-S06-0Z32,./Sector_D/Mesa_D01_Silla_06_QR.png,./Sector_D/Mesa_D01_Silla_06_Pase.png
307,D,D1,7,PARR-D1-S07-RLJN,./Sector_D/Mesa_D01_Silla_07_QR.png,./Sector_D/Mesa_D01_Silla_07_Pase.png
308,D,D1,8,PARR-D1-S08-PH78,./Sector_D/Mesa_D01_Silla_08_QR.png,./Sector_D/Mesa_D01_Silla_08_Pase.png
309,D,D1,9,PARR-D1-S09-FFWW,./Sector_D/Mesa_D01_Silla_09_QR.png,./Sector_D/Mesa_D01_Silla_09_Pase.png
310,D,D1,10,PARR-D1-S10-BAYT,./Sector_D/Mesa_D01_Silla_10_QR.png,./Sector_D/Mesa_D01_Silla_10_Pase.png
311,D,D2,1,PARR-D2-S01-932I,./Sector_D/Mesa_D02_Silla_01_QR.png,./Sector_D/Mesa_D02_Silla_01_Pase.png
312,D,D2,2,PARR-D2-S02-K51Y,./Sector_D/Mesa_D02_Silla_02_QR.png,./Sector_D/Mesa_D02_Silla_02_Pase.png
313,D,D2,3,PARR-D2-S03-EC1O,./Sector_D/Mesa_D02_Silla_03_QR.png,./Sector_D/Mesa_D02_Silla_03_Pase.png
314,D,D2,4,PARR-D2-S04-55F9,./Sector_D/Mesa_D02_Silla_04_QR.png,./Sector_D/Mesa_D02_Silla_04_Pase.png
315,D,D2,5,PARR-D2-S05-MJS1,./Sector_D/Mesa_D02_Silla_05_QR.png,./Sector_D/Mesa_D02_Silla_05_Pase.png
316,D,D2,6,PARR-D2-S06-F3XI,./Sector_D/Mesa_D02_Silla_06_QR.png,./Sector_D/Mesa_D02_Silla_06_Pase.png
317,D,D2,7,PARR-D2-S07-KV0L,./Sector_D/Mesa_D02_Silla_07_QR.png,./Sector_D/Mesa_D02_Silla_07_Pase.png
318,D,D2,8,PARR-D2-S08-PXPF,./Sector_D/Mesa_D02_Silla_08_QR.png,./Sector_D/Mesa_D02_Silla_08_Pase.png
319,D,D2,9,PARR-D2-S09-HH6U,./Sector_D/Mesa_D02_Silla_09_QR.png,./Sector_D/Mesa_D02_Silla_09_Pase.png
320,D,D2,10,PARR-D2-S10-HHEW,./Sector_D/Mesa_D02_Silla_10_QR.png,./Sector_D/Mesa_D02_Silla_10_Pase.png
321,D,D3,1,PARR-D3-S01-8LXP,./Sector_D/Mesa_D03_Silla_01_QR.png,./Sector_D/Mesa_D03_Silla_01_Pase.png
322,D,D3,2,PARR-D3-S02-W46J,./Sector_D/Mesa_D03_Silla_02_QR.png,./Sector_D/Mesa_D03_Silla_02_Pase.png
323,D,D3,3,PARR-D3-S03-ABPE,./Sector_D/Mesa_D03_Silla_03_QR.png,./Sector_D/Mesa_D03_Silla_03_Pase.png
324,D,D3,4,PARR-D3-S04-XCFA,./Sector_D/Mesa_D03_Silla_04_QR.png,./Sector_D/Mesa_D03_Silla_04_Pase.png
325,D,D3,5,PARR-D3-S05-CRAO,./Sector_D/Mesa_D03_Silla_05_QR.png,./Sector_D/Mesa_D03_Silla_05_Pase.png
326,D,D3,6,PARR-D3-S06-DHBP,./Sector_D/Mesa_D03_Silla_06_QR.png,./Sector_D/Mesa_D03_Silla_06_Pase.png
327,D,D3,7,PARR-D3-S07-72YF,./Sector_D/Mesa_D03_Silla_07_QR.png,./Sector_D/Mesa_D03_Silla_07_Pase.png
328,D,D3,8,PARR-D3-S08-I1PL,./Sector_D/Mesa_D03_Silla_08_QR.png,./Sector_D/Mesa_D03_Silla_08_Pase.png
329,D,D3,9,PARR-D3-S09-D5PU,./Sector_D/Mesa_D03_Silla_09_QR.png,./Sector_D/Mesa_D03_Silla_09_Pase.png
330,D,D3,10,PARR-D3-S10-TU3L,./Sector_D/Mesa_D03_Silla_10_QR.png,./Sector_D/Mesa_D03_Silla_10_Pase.png
331,D,D4,1,PARR-D4-S01-32D2,./Sector_D/Mesa_D04_Silla_01_QR.png,./Sector_D/Mesa_D04_Silla_01_Pase.png
332,D,D4,2,PARR-D4-S02-T8X7,./Sector_D/Mesa_D04_Silla_02_QR.png,./Sector_D/Mesa_D04_Silla_02_Pase.png
333,D,D4,3,PARR-D4-S03-CZ67,./Sector_D/Mesa_D04_Silla_03_QR.png,./Sector_D/Mesa_D04_Silla_03_Pase.png
334,D,D4,4,PARR-D4-S04-SQYA,./Sector_D/Mesa_D04_Silla_04_QR.png,./Sector_D/Mesa_D04_Silla_04_Pase.png
335,D,D4,5,PARR-D4-S05-9P7W,./Sector_D/Mesa_D04_Silla_05_QR.png,./Sector_D/Mesa_D04_Silla_05_Pase.png
336,D,D4,6,PARR-D4-S06-UG4P,./Sector_D/Mesa_D04_Silla_06_QR.png,./Sector_D/Mesa_D04_Silla_06_Pase.png
337,D,D4,7,PARR-D4-S07-NXLM,./Sector_D/Mesa_D04_Silla_07_QR.png,./Sector_D/Mesa_D04_Silla_07_Pase.png
338,D,D4,8,PARR-D4-S08-5YTE,./Sector_D/Mesa_D04_Silla_08_QR.png,./Sector_D/Mesa_D04_Silla_08_Pase.png
339,D,D4,9,PARR-D4-S09-SYFU,./Sector_D/Mesa_D04_Silla_09_QR.png,./Sector_D/Mesa_D04_Silla_09_Pase.png
340,D,D4,10,PARR-D4-S10-SFUR,./Sector_D/Mesa_D04_Silla_10_QR.png,./Sector_D/Mesa_D04_Silla_10_Pase.png
341,D,D5,1,PARR-D5-S01-XO4I,./Sector_D/Mesa_D05_Silla_01_QR.png,./Sector_D/Mesa_D05_Silla_01_Pase.png
342,D,D5,2,PARR-D5-S02-9CZE,./Sector_D/Mesa_D05_Silla_02_QR.png,./Sector_D/Mesa_D05_Silla_02_Pase.png
343,D,D5,3,PARR-D5-S03-HFQU,./Sector_D/Mesa_D05_Silla_03_QR.png,./Sector_D/Mesa_D05_Silla_03_Pase.png
344,D,D5,4,PARR-D5-S04-LKS4,./Sector_D/Mesa_D05_Silla_04_QR.png,./Sector_D/Mesa_D05_Silla_04_Pase.png
345,D,D5,5,PARR-D5-S05-T5JW,./Sector_D/Mesa_D05_Silla_05_QR.png,./Sector_D/Mesa_D05_Silla_05_Pase.png
346,D,D5,6,PARR-D5-S06-OZQO,./Sector_D/Mesa_D05_Silla_06_QR.png,./Sector_D/Mesa_D05_Silla_06_Pase.png
347,D,D5,7,PARR-D5-S07-XR54,./Sector_D/Mesa_D05_Silla_07_QR.png,./Sector_D/Mesa_D05_Silla_07_Pase.png
348,D,D5,8,PARR-D5-S08-PORP,./Sector_D/Mesa_D05_Silla_08_QR.png,./Sector_D/Mesa_D05_Silla_08_Pase.png
349,D,D5,9,PARR-D5-S09-8962,./Sector_D/Mesa_D05_Silla_09_QR.png,./Sector_D/Mesa_D05_Silla_09_Pase.png
350,D,D5,10,PARR-D5-S10-ROAL,./Sector_D/Mesa_D05_Silla_10_QR.png,./Sector_D/Mesa_D05_Silla_10_Pase.png
351,D,D6,1,PARR-D6-S01-C5XD,./Sector_D/Mesa_D06_Silla_01_QR.png,./Sector_D/Mesa_D06_Silla_01_Pase.png
352,D,D6,2,PARR-D6-S02-IR3D,./Sector_D/Mesa_D06_Silla_02_QR.png,./Sector_D/Mesa_D06_Silla_02_Pase.png
353,D,D6,3,PARR-D6-S03-HCHK,./Sector_D/Mesa_D06_Silla_03_QR.png,./Sector_D/Mesa_D06_Silla_03_Pase.png
354,D,D6,4,PARR-D6-S04-JT8V,./Sector_D/Mesa_D06_Silla_04_QR.png,./Sector_D/Mesa_D06_Silla_04_Pase.png
355,D,D6,5,PARR-D6-S05-2GQX,./Sector_D/Mesa_D06_Silla_05_QR.png,./Sector_D/Mesa_D06_Silla_05_Pase.png
356,D,D6,6,PARR-D6-S06-8C2K,./Sector_D/Mesa_D06_Silla_06_QR.png,./Sector_D/Mesa_D06_Silla_06_Pase.png
357,D,D6,7,PARR-D6-S07-45JH,./Sector_D/Mesa_D06_Silla_07_QR.png,./Sector_D/Mesa_D06_Silla_07_Pase.png
358,D,D6,8,PARR-D6-S08-HW7H,./Sector_D/Mesa_D06_Silla_08_QR.png,./Sector_D/Mesa_D06_Silla_08_Pase.png
359,D,D6,9,PARR-D6-S09-7Q08,./Sector_D/Mesa_D06_Silla_09_QR.png,./Sector_D/Mesa_D06_Silla_09_Pase.png
360,D,D6,10,PARR-D6-S10-IJDH,./Sector_D/Mesa_D06_Silla_10_QR.png,./Sector_D/Mesa_D06_Silla_10_Pase.png
361,D,D7,1,PARR-D7-S01-7H01,./Sector_D/Mesa_D07_Silla_01_QR.png,./Sector_D/Mesa_D07_Silla_01_Pase.png
362,D,D7,2,PARR-D7-S02-MH9I,./Sector_D/Mesa_D07_Silla_02_QR.png,./Sector_D/Mesa_D07_Silla_02_Pase.png
363,D,D7,3,PARR-D7-S03-W5H5,./Sector_D/Mesa_D07_Silla_03_QR.png,./Sector_D/Mesa_D07_Silla_03_Pase.png
364,D,D7,4,PARR-D7-S04-VLZ9,./Sector_D/Mesa_D07_Silla_04_QR.png,./Sector_D/Mesa_D07_Silla_04_Pase.png
365,D,D7,5,PARR-D7-S05-ODKU,./Sector_D/Mesa_D07_Silla_05_QR.png,./Sector_D/Mesa_D07_Silla_05_Pase.png
366,D,D7,6,PARR-D7-S06-2IHZ,./Sector_D/Mesa_D07_Silla_06_QR.png,./Sector_D/Mesa_D07_Silla_06_Pase.png
367,D,D7,7,PARR-D7-S07-9DWF,./Sector_D/Mesa_D07_Silla_07_QR.png,./Sector_D/Mesa_D07_Silla_07_Pase.png
368,D,D7,8,PARR-D7-S08-JJXY,./Sector_D/Mesa_D07_Silla_08_QR.png,./Sector_D/Mesa_D07_Silla_08_Pase.png
369,D,D7,9,PARR-D7-S09-03JU,./Sector_D/Mesa_D07_Silla_09_QR.png,./Sector_D/Mesa_D07_Silla_09_Pase.png
370,D,D7,10,PARR-D7-S10-Q5AL,./Sector_D/Mesa_D07_Silla_10_QR.png,./Sector_D/Mesa_D07_Silla_10_Pase.png
371,D,D8,1,PARR-D8-S01-5RKX,./Sector_D/Mesa_D08_Silla_01_QR.png,./Sector_D/Mesa_D08_Silla_01_Pase.png
372,D,D8,2,PARR-D8-S02-XGH6,./Sector_D/Mesa_D08_Silla_02_QR.png,./Sector_D/Mesa_D08_Silla_02_Pase.png
373,D,D8,3,PARR-D8-S03-0SMV,./Sector_D/Mesa_D08_Silla_03_QR.png,./Sector_D/Mesa_D08_Silla_03_Pase.png
374,D,D8,4,PARR-D8-S04-7ALM,./Sector_D/Mesa_D08_Silla_04_QR.png,./Sector_D/Mesa_D08_Silla_04_Pase.png
375,D,D8,5,PARR-D8-S05-X0KR,./Sector_D/Mesa_D08_Silla_05_QR.png,./Sector_D/Mesa_D08_Silla_05_Pase.png
376,D,D8,6,PARR-D8-S06-I0WT,./Sector_D/Mesa_D08_Silla_06_QR.png,./Sector_D/Mesa_D08_Silla_06_Pase.png
377,D,D8,7,PARR-D8-S07-NSVG,./Sector_D/Mesa_D08_Silla_07_QR.png,./Sector_D/Mesa_D08_Silla_07_Pase.png
378,D,D8,8,PARR-D8-S08-W7JI,./Sector_D/Mesa_D08_Silla_08_QR.png,./Sector_D/Mesa_D08_Silla_08_Pase.png
379,D,D8,9,PARR-D8-S09-54AZ,./Sector_D/Mesa_D08_Silla_09_QR.png,./Sector_D/Mesa_D08_Silla_09_Pase.png
380,D,D8,10,PARR-D8-S10-35DN,./Sector_D/Mesa_D08_Silla_10_QR.png,./Sector_D/Mesa_D08_Silla_10_Pase.png
381,D,D9,1,PARR-D9-S01-MIVC,./Sector_D/Mesa_D09_Silla_01_QR.png,./Sector_D/Mesa_D09_Silla_01_Pase.png
382,D,D9,2,PARR-D9-S02-ZIGQ,./Sector_D/Mesa_D09_Silla_02_QR.png,./Sector_D/Mesa_D09_Silla_02_Pase.png
383,D,D9,3,PARR-D9-S03-BWAC,./Sector_D/Mesa_D09_Silla_03_QR.png,./Sector_D/Mesa_D09_Silla_03_Pase.png
384,D,D9,4,PARR-D9-S04-UK0P,./Sector_D/Mesa_D09_Silla_04_QR.png,./Sector_D/Mesa_D09_Silla_04_Pase.png
385,D,D9,5,PARR-D9-S05-G8N1,./Sector_D/Mesa_D09_Silla_05_QR.png,./Sector_D/Mesa_D09_Silla_05_Pase.png
386,D,D9,6,PARR-D9-S06-F4ED,./Sector_D/Mesa_D09_Silla_06_QR.png,./Sector_D/Mesa_D09_Silla_06_Pase.png
387,D,D9,7,PARR-D9-S07-2NWO,./Sector_D/Mesa_D09_Silla_07_QR.png,./Sector_D/Mesa_D09_Silla_07_Pase.png
388,D,D9,8,PARR-D9-S08-NFG2,./Sector_D/Mesa_D09_Silla_08_QR.png,./Sector_D/Mesa_D09_Silla_08_Pase.png
389,D,D9,9,PARR-D9-S09-IXFC,./Sector_D/Mesa_D09_Silla_09_QR.png,./Sector_D/Mesa_D09_Silla_09_Pase.png
390,D,D9,10,PARR-D9-S10-D8AU,./Sector_D/Mesa_D09_Silla_10_QR.png,./Sector_D/Mesa_D09_Silla_10_Pase.png
391,D,D10,1,PARR-D10-S01-5X9B,./Sector_D/Mesa_D10_Silla_01_QR.png,./Sector_D/Mesa_D10_Silla_01_Pase.png
392,D,D10,2,PARR-D10-S02-HVIA,./Sector_D/Mesa_D10_Silla_02_QR.png,./Sector_D/Mesa_D10_Silla_02_Pase.png
393,D,D10,3,PARR-D10-S03-4SM4,./Sector_D/Mesa_D10_Silla_03_QR.png,./Sector_D/Mesa_D10_Silla_03_Pase.png
394,D,D10,4,PARR-D10-S04-LZZD,./Sector_D/Mesa_D10_Silla_04_QR.png,./Sector_D/Mesa_D10_Silla_04_Pase.png
395,D,D10,5,PARR-D10-S05-CFT8,./Sector_D/Mesa_D10_Silla_05_QR.png,./Sector_D/Mesa_D10_Silla_05_Pase.png
396,D,D10,6,PARR-D10-S06-AJRI,./Sector_D/Mesa_D10_Silla_06_QR.png,./Sector_D/Mesa_D10_Silla_06_Pase.png
397,D,D10,7,PARR-D10-S07-NWQ9,./Sector_D/Mesa_D10_Silla_07_QR.png,./Sector_D/Mesa_D10_Silla_07_Pase.png
398,D,D10,8,PARR-D10-S08-TJFJ,./Sector_D/Mesa_D10_Silla_08_QR.png,./Sector_D/Mesa_D10_Silla_08_Pase.png
399,D,D10,9,PARR-D10-S09-7YRI,./Sector_D/Mesa_D10_Silla_09_QR.png,./Sector_D/Mesa_D10_Silla_09_Pase.png
400,D,D10,10,PARR-D10-S10-HO6C,./Sector_D/Mesa_D10_Silla_10_QR.png,./Sector_D/Mesa_D10_Silla_10_Pase.png
401,E,E1,1,PARR-E1-S01-RI8C,./Sector_E/Mesa_E01_Silla_01_QR.png,./Sector_E/Mesa_E01_Silla_01_Pase.png
402,E,E1,2,PARR-E1-S02-HLTH,./Sector_E/Mesa_E01_Silla_02_QR.png,./Sector_E/Mesa_E01_Silla_02_Pase.png
403,E,E1,3,PARR-E1-S03-5ARL,./Sector_E/Mesa_E01_Silla_03_QR.png,./Sector_E/Mesa_E01_Silla_03_Pase.png
404,E,E1,4,PARR-E1-S04-13HN,./Sector_E/Mesa_E01_Silla_04_QR.png,./Sector_E/Mesa_E01_Silla_04_Pase.png
405,E,E1,5,PARR-E1-S05-0R2M,./Sector_E/Mesa_E01_Silla_05_QR.png,./Sector_E/Mesa_E01_Silla_05_Pase.png
406,E,E1,6,PARR-E1-S06-F5BH,./Sector_E/Mesa_E01_Silla_06_QR.png,./Sector_E/Mesa_E01_Silla_06_Pase.png
407,E,E1,7,PARR-E1-S07-EFJ9,./Sector_E/Mesa_E01_Silla_07_QR.png,./Sector_E/Mesa_E01_Silla_07_Pase.png
408,E,E1,8,PARR-E1-S08-1AUW,./Sector_E/Mesa_E01_Silla_08_QR.png,./Sector_E/Mesa_E01_Silla_08_Pase.png
409,E,E1,9,PARR-E1-S09-FGG7,./Sector_E/Mesa_E01_Silla_09_QR.png,./Sector_E/Mesa_E01_Silla_09_Pase.png
410,E,E1,10,PARR-E1-S10-GK1D,./Sector_E/Mesa_E01_Silla_10_QR.png,./Sector_E/Mesa_E01_Silla_10_Pase.png
411,E,E2,1,PARR-E2-S01-FX1U,./Sector_E/Mesa_E02_Silla_01_QR.png,./Sector_E/Mesa_E02_Silla_01_Pase.png
412,E,E2,2,PARR-E2-S02-DBVZ,./Sector_E/Mesa_E02_Silla_02_QR.png,./Sector_E/Mesa_E02_Silla_02_Pase.png
413,E,E2,3,PARR-E2-S03-HK87,./Sector_E/Mesa_E02_Silla_03_QR.png,./Sector_E/Mesa_E02_Silla_03_Pase.png
414,E,E2,4,PARR-E2-S04-RZE7,./Sector_E/Mesa_E02_Silla_04_QR.png,./Sector_E/Mesa_E02_Silla_04_Pase.png
415,E,E2,5,PARR-E2-S05-ACO9,./Sector_E/Mesa_E02_Silla_05_QR.png,./Sector_E/Mesa_E02_Silla_05_Pase.png
416,E,E2,6,PARR-E2-S06-TI8E,./Sector_E/Mesa_E02_Silla_06_QR.png,./Sector_E/Mesa_E02_Silla_06_Pase.png
417,E,E2,7,PARR-E2-S07-5SZ3,./Sector_E/Mesa_E02_Silla_07_QR.png,./Sector_E/Mesa_E02_Silla_07_Pase.png
418,E,E2,8,PARR-E2-S08-PT9K,./Sector_E/Mesa_E02_Silla_08_QR.png,./Sector_E/Mesa_E02_Silla_08_Pase.png
419,E,E2,9,PARR-E2-S09-9CPL,./Sector_E/Mesa_E02_Silla_09_QR.png,./Sector_E/Mesa_E02_Silla_09_Pase.png
420,E,E2,10,PARR-E2-S10-ANXO,./Sector_E/Mesa_E02_Silla_10_QR.png,./Sector_E/Mesa_E02_Silla_10_Pase.png
421,E,E3,1,PARR-E3-S01-HDC8,./Sector_E/Mesa_E03_Silla_01_QR.png,./Sector_E/Mesa_E03_Silla_01_Pase.png
422,E,E3,2,PARR-E3-S02-TE0C,./Sector_E/Mesa_E03_Silla_02_QR.png,./Sector_E/Mesa_E03_Silla_02_Pase.png
423,E,E3,3,PARR-E3-S03-GAFO,./Sector_E/Mesa_E03_Silla_03_QR.png,./Sector_E/Mesa_E03_Silla_03_Pase.png
424,E,E3,4,PARR-E3-S04-ZSEY,./Sector_E/Mesa_E03_Silla_04_QR.png,./Sector_E/Mesa_E03_Silla_04_Pase.png
425,E,E3,5,PARR-E3-S05-HO11,./Sector_E/Mesa_E03_Silla_05_QR.png,./Sector_E/Mesa_E03_Silla_05_Pase.png
426,E,E3,6,PARR-E3-S06-Q91E,./Sector_E/Mesa_E03_Silla_06_QR.png,./Sector_E/Mesa_E03_Silla_06_Pase.png
427,E,E3,7,PARR-E3-S07-8Y9K,./Sector_E/Mesa_E03_Silla_07_QR.png,./Sector_E/Mesa_E03_Silla_07_Pase.png
428,E,E3,8,PARR-E3-S08-PHMY,./Sector_E/Mesa_E03_Silla_08_QR.png,./Sector_E/Mesa_E03_Silla_08_Pase.png
429,E,E3,9,PARR-E3-S09-3GLO,./Sector_E/Mesa_E03_Silla_09_QR.png,./Sector_E/Mesa_E03_Silla_09_Pase.png
430,E,E3,10,PARR-E3-S10-CHX9,./Sector_E/Mesa_E03_Silla_10_QR.png,./Sector_E/Mesa_E03_Silla_10_Pase.png
431,E,E4,1,PARR-E4-S01-PZGU,./Sector_E/Mesa_E04_Silla_01_QR.png,./Sector_E/Mesa_E04_Silla_01_Pase.png
432,E,E4,2,PARR-E4-S02-32Y4,./Sector_E/Mesa_E04_Silla_02_QR.png,./Sector_E/Mesa_E04_Silla_02_Pase.png
433,E,E4,3,PARR-E4-S03-DONT,./Sector_E/Mesa_E04_Silla_03_QR.png,./Sector_E/Mesa_E04_Silla_03_Pase.png
434,E,E4,4,PARR-E4-S04-365L,./Sector_E/Mesa_E04_Silla_04_QR.png,./Sector_E/Mesa_E04_Silla_04_Pase.png
435,E,E4,5,PARR-E4-S05-TCVZ,./Sector_E/Mesa_E04_Silla_05_QR.png,./Sector_E/Mesa_E04_Silla_05_Pase.png
436,E,E4,6,PARR-E4-S06-KHOG,./Sector_E/Mesa_E04_Silla_06_QR.png,./Sector_E/Mesa_E04_Silla_06_Pase.png
437,E,E4,7,PARR-E4-S07-4W8X,./Sector_E/Mesa_E04_Silla_07_QR.png,./Sector_E/Mesa_E04_Silla_07_Pase.png
438,E,E4,8,PARR-E4-S08-D11R,./Sector_E/Mesa_E04_Silla_08_QR.png,./Sector_E/Mesa_E04_Silla_08_Pase.png
439,E,E4,9,PARR-E4-S09-GQ8Y,./Sector_E/Mesa_E04_Silla_09_QR.png,./Sector_E/Mesa_E04_Silla_09_Pase.png
440,E,E4,10,PARR-E4-S10-B2I4,./Sector_E/Mesa_E04_Silla_10_QR.png,./Sector_E/Mesa_E04_Silla_10_Pase.png
441,E,E5,1,PARR-E5-S01-YTY8,./Sector_E/Mesa_E05_Silla_01_QR.png,./Sector_E/Mesa_E05_Silla_01_Pase.png
442,E,E5,2,PARR-E5-S02-10TD,./Sector_E/Mesa_E05_Silla_02_QR.png,./Sector_E/Mesa_E05_Silla_02_Pase.png
443,E,E5,3,PARR-E5-S03-F6PP,./Sector_E/Mesa_E05_Silla_03_QR.png,./Sector_E/Mesa_E05_Silla_03_Pase.png
444,E,E5,4,PARR-E5-S04-BMCY,./Sector_E/Mesa_E05_Silla_04_QR.png,./Sector_E/Mesa_E05_Silla_04_Pase.png
445,E,E5,5,PARR-E5-S05-N1OP,./Sector_E/Mesa_E05_Silla_05_QR.png,./Sector_E/Mesa_E05_Silla_05_Pase.png
446,E,E5,6,PARR-E5-S06-A58O,./Sector_E/Mesa_E05_Silla_06_QR.png,./Sector_E/Mesa_E05_Silla_06_Pase.png
447,E,E5,7,PARR-E5-S07-9IYT,./Sector_E/Mesa_E05_Silla_07_QR.png,./Sector_E/Mesa_E05_Silla_07_Pase.png
448,E,E5,8,PARR-E5-S08-7F2D,./Sector_E/Mesa_E05_Silla_08_QR.png,./Sector_E/Mesa_E05_Silla_08_Pase.png
449,E,E5,9,PARR-E5-S09-RTLY,./Sector_E/Mesa_E05_Silla_09_QR.png,./Sector_E/Mesa_E05_Silla_09_Pase.png
450,E,E5,10,PARR-E5-S10-G0Q4,./Sector_E/Mesa_E05_Silla_10_QR.png,./Sector_E/Mesa_E05_Silla_10_Pase.png
451,E,E6,1,PARR-E6-S01-KFN1,./Sector_E/Mesa_E06_Silla_01_QR.png,./Sector_E/Mesa_E06_Silla_01_Pase.png
452,E,E6,2,PARR-E6-S02-KUWI,./Sector_E/Mesa_E06_Silla_02_QR.png,./Sector_E/Mesa_E06_Silla_02_Pase.png
453,E,E6,3,PARR-E6-S03-LHKC,./Sector_E/Mesa_E06_Silla_03_QR.png,./Sector_E/Mesa_E06_Silla_03_Pase.png
454,E,E6,4,PARR-E6-S04-W2XW,./Sector_E/Mesa_E06_Silla_04_QR.png,./Sector_E/Mesa_E06_Silla_04_Pase.png
455,E,E6,5,PARR-E6-S05-TAM3,./Sector_E/Mesa_E06_Silla_05_QR.png,./Sector_E/Mesa_E06_Silla_05_Pase.png
456,E,E6,6,PARR-E6-S06-M4LK,./Sector_E/Mesa_E06_Silla_06_QR.png,./Sector_E/Mesa_E06_Silla_06_Pase.png
457,E,E6,7,PARR-E6-S07-A5K0,./Sector_E/Mesa_E06_Silla_07_QR.png,./Sector_E/Mesa_E06_Silla_07_Pase.png
458,E,E6,8,PARR-E6-S08-MIEQ,./Sector_E/Mesa_E06_Silla_08_QR.png,./Sector_E/Mesa_E06_Silla_08_Pase.png
459,E,E6,9,PARR-E6-S09-Q6NM,./Sector_E/Mesa_E06_Silla_09_QR.png,./Sector_E/Mesa_E06_Silla_09_Pase.png
460,E,E6,10,PARR-E6-S10-QWCM,./Sector_E/Mesa_E06_Silla_10_QR.png,./Sector_E/Mesa_E06_Silla_10_Pase.png
461,E,E7,1,PARR-E7-S01-QP0Q,./Sector_E/Mesa_E07_Silla_01_QR.png,./Sector_E/Mesa_E07_Silla_01_Pase.png
462,E,E7,2,PARR-E7-S02-J2J2,./Sector_E/Mesa_E07_Silla_02_QR.png,./Sector_E/Mesa_E07_Silla_02_Pase.png
463,E,E7,3,PARR-E7-S03-N4YG,./Sector_E/Mesa_E07_Silla_03_QR.png,./Sector_E/Mesa_E07_Silla_03_Pase.png
464,E,E7,4,PARR-E7-S04-XDUH,./Sector_E/Mesa_E07_Silla_04_QR.png,./Sector_E/Mesa_E07_Silla_04_Pase.png
465,E,E7,5,PARR-E7-S05-9TFV,./Sector_E/Mesa_E07_Silla_05_QR.png,./Sector_E/Mesa_E07_Silla_05_Pase.png
466,E,E7,6,PARR-E7-S06-5SA3,./Sector_E/Mesa_E07_Silla_06_QR.png,./Sector_E/Mesa_E07_Silla_06_Pase.png
467,E,E7,7,PARR-E7-S07-8G4U,./Sector_E/Mesa_E07_Silla_07_QR.png,./Sector_E/Mesa_E07_Silla_07_Pase.png
468,E,E7,8,PARR-E7-S08-JC1B,./Sector_E/Mesa_E07_Silla_08_QR.png,./Sector_E/Mesa_E07_Silla_08_Pase.png
469,E,E7,9,PARR-E7-S09-I7GW,./Sector_E/Mesa_E07_Silla_09_QR.png,./Sector_E/Mesa_E07_Silla_09_Pase.png
470,E,E7,10,PARR-E7-S10-YC12,./Sector_E/Mesa_E07_Silla_10_QR.png,./Sector_E/Mesa_E07_Silla_10_Pase.png
471,E,E8,1,PARR-E8-S01-QRZV,./Sector_E/Mesa_E08_Silla_01_QR.png,./Sector_E/Mesa_E08_Silla_01_Pase.png
472,E,E8,2,PARR-E8-S02-H3QR,./Sector_E/Mesa_E08_Silla_02_QR.png,./Sector_E/Mesa_E08_Silla_02_Pase.png
473,E,E8,3,PARR-E8-S03-SFPW,./Sector_E/Mesa_E08_Silla_03_QR.png,./Sector_E/Mesa_E08_Silla_03_Pase.png
474,E,E8,4,PARR-E8-S04-TB4Z,./Sector_E/Mesa_E08_Silla_04_QR.png,./Sector_E/Mesa_E08_Silla_04_Pase.png
475,E,E8,5,PARR-E8-S05-S79X,./Sector_E/Mesa_E08_Silla_05_QR.png,./Sector_E/Mesa_E08_Silla_05_Pase.png
476,E,E8,6,PARR-E8-S06-SMXY,./Sector_E/Mesa_E08_Silla_06_QR.png,./Sector_E/Mesa_E08_Silla_06_Pase.png
477,E,E8,7,PARR-E8-S07-23V8,./Sector_E/Mesa_E08_Silla_07_QR.png,./Sector_E/Mesa_E08_Silla_07_Pase.png
478,E,E8,8,PARR-E8-S08-1D01,./Sector_E/Mesa_E08_Silla_08_QR.png,./Sector_E/Mesa_E08_Silla_08_Pase.png
479,E,E8,9,PARR-E8-S09-XBSU,./Sector_E/Mesa_E08_Silla_09_QR.png,./Sector_E/Mesa_E08_Silla_09_Pase.png
480,E,E8,10,PARR-E8-S10-KQ9W,./Sector_E/Mesa_E08_Silla_10_QR.png,./Sector_E/Mesa_E08_Silla_10_Pase.png
481,E,E9,1,PARR-E9-S01-OK30,./Sector_E/Mesa_E09_Silla_01_QR.png,./Sector_E/Mesa_E09_Silla_01_Pase.png
482,E,E9,2,PARR-E9-S02-B4QG,./Sector_E/Mesa_E09_Silla_02_QR.png,./Sector_E/Mesa_E09_Silla_02_Pase.png
483,E,E9,3,PARR-E9-S03-0LZB,./Sector_E/Mesa_E09_Silla_03_QR.png,./Sector_E/Mesa_E09_Silla_03_Pase.png
484,E,E9,4,PARR-E9-S04-BM6U,./Sector_E/Mesa_E09_Silla_04_QR.png,./Sector_E/Mesa_E09_Silla_04_Pase.png
485,E,E9,5,PARR-E9-S05-41JG,./Sector_E/Mesa_E09_Silla_05_QR.png,./Sector_E/Mesa_E09_Silla_05_Pase.png
486,E,E9,6,PARR-E9-S06-JCCD,./Sector_E/Mesa_E09_Silla_06_QR.png,./Sector_E/Mesa_E09_Silla_06_Pase.png
487,E,E9,7,PARR-E9-S07-9GRQ,./Sector_E/Mesa_E09_Silla_07_QR.png,./Sector_E/Mesa_E09_Silla_07_Pase.png
488,E,E9,8,PARR-E9-S08-MTBQ,./Sector_E/Mesa_E09_Silla_08_QR.png,./Sector_E/Mesa_E09_Silla_08_Pase.png
489,E,E9,9,PARR-E9-S09-DJ67,./Sector_E/Mesa_E09_Silla_09_QR.png,./Sector_E/Mesa_E09_Silla_09_Pase.png
490,E,E9,10,PARR-E9-S10-GGYV,./Sector_E/Mesa_E09_Silla_10_QR.png,./Sector_E/Mesa_E09_Silla_10_Pase.png
491,E,E10,1,PARR-E10-S01-FAQZ,./Sector_E/Mesa_E10_Silla_01_QR.png,./Sector_E/Mesa_E10_Silla_01_Pase.png
492,E,E10,2,PARR-E10-S02-7TU0,./Sector_E/Mesa_E10_Silla_02_QR.png,./Sector_E/Mesa_E10_Silla_02_Pase.png
493,E,E10,3,PARR-E10-S03-RHR7,./Sector_E/Mesa_E10_Silla_03_QR.png,./Sector_E/Mesa_E10_Silla_03_Pase.png
494,E,E10,4,PARR-E10-S04-2DLO,./Sector_E/Mesa_E10_Silla_04_QR.png,./Sector_E/Mesa_E10_Silla_04_Pase.png
495,E,E10,5,PARR-E10-S05-WA7A,./Sector_E/Mesa_E10_Silla_05_QR.png,./Sector_E/Mesa_E10_Silla_05_Pase.png
496,E,E10,6,PARR-E10-S06-ZM6H,./Sector_E/Mesa_E10_Silla_06_QR.png,./Sector_E/Mesa_E10_Silla_06_Pase.png
497,E,E10,7,PARR-E10-S07-F7H0,./Sector_E/Mesa_E10_Silla_07_QR.png,./Sector_E/Mesa_E10_Silla_07_Pase.png
498,E,E10,8,PARR-E10-S08-IEV9,./Sector_E/Mesa_E10_Silla_08_QR.png,./Sector_E/Mesa_E10_Silla_08_Pase.png
499,E,E10,9,PARR-E10-S09-5Z16,./Sector_E/Mesa_E10_Silla_09_QR.png,./Sector_E/Mesa_E10_Silla_09_Pase.png
500,E,E10,10,PARR-E10-S10-J20L,./Sector_E/Mesa_E10_Silla_10_QR.png,./Sector_E/Mesa_E10_Silla_10_Pase.png